Feature,FieldID,FieldName,Importance_cv0,Importance_cv1,Importance_cv2,Importance_cv3,Importance_cv4,Importance_cv5,Importance_cv6,Importance_cv7,Importance_cv8,Importance_cv9,Importance_cv,Importance_std
20500-0.0,20500,Suffering mental distress ,0.125984157,0.147437515,0.128769754,0.174105784,0.175548034,0.182368489,0.155749848,0.143858181,0.163056828,0.160096753,0.155697534,0.019247364
20450-0.0,20450,Feelings of worthlessness,0.160728501,0.148418037,0.152607369,0.118993377,0.116222373,0.118608238,0.146856389,0.158864011,0.131705239,0.134111778,0.138711531,0.017040719
20433-0.0,20433,Age at first episode of depression,0.085406058,0.089339076,0.088685564,0.093767641,0.081784674,0.097627113,0.090807637,0.087788083,0.089088928,0.089684217,0.089397899,0.004294412
2100-0.0,2100,Seen psychiatrists for  anxiety/depression,0.075272836,0.0838219,0.080596648,0.078405752,0.079782954,0.074867098,0.081219122,0.085782238,0.075763503,0.081432955,0.079694501,0.003655026
20437-0.0,20437,Thoughts of death during depression,0.069387414,0.072050718,0.076281466,0.076033095,0.070763061,0.076073928,0.072772734,0.071391922,0.072899445,0.075778052,0.073343184,0.002528944
20499-0.0,20499,Ever sought/received help for mental distress,0.046638619,0.052071772,0.06293923,0.057519239,0.057631821,0.052968231,0.046341636,0.04740566,0.05455822,0.056924689,0.053499912,0.005507146
20544-0.0-11,20544,Depression diagnosed by professional,0.066026038,0.044889623,0.042298687,0.03700907,0.038950755,0.045550307,0.038789976,0.044138706,0.043829739,0.040250469,0.044173337,0.008209444
20531-0.0,20531,Victim of sexual assault,0.03567755,0.031819979,0.029994295,0.034291509,0.030584369,0.030210736,0.033909319,0.035766041,0.034020133,0.034349707,0.033062364,0.002215616
20489-0.0,20489,Felt loved as a child,0.023337857,0.026535652,0.025943039,0.024865274,0.029619177,0.028756113,0.028559181,0.02888815,0.025613985,0.02521933,0.026733776,0.002098263
2149-0.0,2149,Lifetime number of sexual partners,0.024136326,0.019930129,0.022912109,0.017112608,0.020826838,0.022846086,0.02109812,0.020093137,0.019096105,0.020643933,0.020869539,0.002043977
99999992-0.0,99999992,Traumatic events,0.02158525,0.017612512,0.020091093,0.020528827,0.024256618,0.013511168,0.01803709,0.017439589,0.020392809,0.016940617,0.019039557,0.002970656
20487-0.0,20487,Felt hated by family member as a child,0.018537991,0.019093886,0.018928375,0.017553072,0.017720089,0.018808524,0.019076811,0.016153881,0.021709836,0.019136718,0.018671918,0.001429361
20523-0.0,20523,Physical violence by partners,0.01257134,0.018385775,0.015599423,0.01685082,0.016556181,0.017103355,0.016169191,0.017487949,0.016432224,0.018474645,0.01656309,0.001674691
20521-0.0,20521,Belittlement by partners,0.013607108,0.014407344,0.018102448,0.013477405,0.010126077,0.015582896,0.012715599,0.0135345,0.013714373,0.01377908,0.013904683,0.00202326
20436-0.0,20436,Fraction of day affected during depression,0.009638834,0.014309639,0.014863969,0.016089957,0.014557001,0.010228077,0.01144308,0.01208556,0.018446426,0.011274079,0.013293662,0.00281233
20162-0.0,20162,Smoking years as proportion of life span,0.011222475,0.01420281,0.01220409,0.014541362,0.011949642,0.012415547,0.014417615,0.010813893,0.012778456,0.013352704,0.012789859,0.001315761
2139-0.0,2139,Age first had sexual intercourse,0.008963286,0.010980943,0.011559383,0.012667224,0.01281934,0.013690636,0.010174298,0.008172489,0.010363158,0.010245314,0.010963607,0.00174576
20546-0.0-4,20546,Drugs or alcohol  taken for depression,0.00911612,0.009967943,0.010450484,0.007869062,0.009953021,0.008547558,0.011514658,0.010910756,0.010722163,0.011113896,0.010016566,0.001179506
20513-0.0,20513,Recent thoughts of suicide or self-harm,0.006949241,0.009945114,0.007480502,0.009140238,0.011165296,0.009797409,0.00979614,0.010139588,0.009744726,0.009766671,0.009392492,0.001259901
189-0.0,189,Townsend deprivation index ,0.013044123,0.007858064,0.00717303,0.009378304,0.006528045,0.010275895,0.008595049,0.009973066,0.00957462,0.008626296,0.009102649,0.001836472
699-0.0,699,Length of time at current address,0.008693066,0.007892963,0.007780828,0.007121345,0.006422144,0.007670673,0.008122421,0.009058148,0.00826427,0.006807861,0.007783372,0.000821
20441-0.0,20441,Prolonged loss of interest in normal activities,0.001325285,0.004931664,0.007499337,0.002011474,0.014059866,0.002029808,0.009171667,0.005573834,0.002503998,0.008449872,0.005755681,0.004078979
20461-0.0,20461,Age at first psychotic experience,0.004219095,0.005310133,0.005210986,0.006288181,0.006303925,0.005588915,0.004296829,0.005267009,0.00495271,0.005821885,0.005325967,0.000717859
20488-0.0,20488,Physically abused by family as a child,0.005044299,0.005838974,0.006996585,0.00351331,0.004097905,0.006577919,0.00500893,0.005511201,0.005366011,0.004851469,0.00528066,0.001045401
99999995-0.0,99999995,Mental distress,0.008649291,0.00506536,0.005638768,0.007897355,0.003606206,0.002796236,0.006353548,0.002578366,0.004218728,0.002916519,0.004972038,0.002148989
3669-0.0,3669,Number of same-sex sexual partners,0.005158335,0.004103526,0.004038448,0.005721466,0.004130847,0.005235457,0.004400674,0.00503978,0.003957796,0.00500021,0.004678654,0.000623523
20161-0.0,20161,Pack years of smoking,0.004246884,0.004554111,0.003426115,0.003636262,0.004962631,0.003151274,0.005219865,0.004230359,0.004369656,0.003778373,0.004157553,0.000662932
20455-0.0,20455,Age when last took cannabis,0.004534022,0.002839781,0.003793072,0.003453183,0.004481775,0.002881995,0.005244898,0.003185002,0.003684989,0.004137578,0.00382363,0.000780046
1458-0.0,1458,Cereal intake,0.002223975,0.00333031,0.002565492,0.002483195,0.003515637,0.003134772,0.002596219,0.004278046,0.002594092,0.002880766,0.00296025,0.000615618
20454-0.0,20454,Maximum frequency of taking cannabis,0.004393418,0.003352213,0.003125378,0.002173844,0.002373084,0.001458712,0.002405593,0.002386392,0.001351275,0.002859654,0.002587956,0.000900774
1883-0.0,1883,Number of full sisters,0.002391098,0.002586078,0.001614297,0.002182519,0.003223413,0.001326095,0.002693167,0.001327816,0.002897522,0.003088548,0.002333055,0.00070261
680-0.0,680,Own or rent accommodation lived in,0.000673869,0.002862145,0.001651928,0.001108539,0.002411988,0.001593314,0.003352831,0.003825552,0.001941292,0.003038741,0.00224602,0.001021593
20493-0.0,20493,Severity of problems due to mania or irritability,0.002432945,0.002326647,0.002065495,0.001804296,0.002525591,0.002413957,0.001802591,0.001883906,0.002415547,0.001832175,0.002150315,0.000300311
99999998-0.0,99999998,Depression symptom,0.003090531,0.002059561,0.001971086,0.001966873,0.002930841,0.001462507,0.001999663,0.001514382,0.001851809,0.001769398,0.002061665,0.00053986
20465-0.0,20465,Number of times heard an un-real voice,0.003055762,0.001899698,0.000723261,0.001901808,0.002326699,0.002489297,0.002929721,0.001530419,0.001715267,0.001310235,0.001988217,0.000726551
1930-0.0,1930,Miserableness,0.002638488,0.002541925,0.000582593,0.00234272,0.001720604,0.001854257,0.002711321,0.001740464,0.001716168,0.001825981,0.001967452,0.00063252
20536-0.0,20536,Weight change during worst episode of depression,0.002554176,0.001763118,0.001473686,0.002079116,0.001633696,0.001558538,0.001230463,0.00222186,0.002020847,0.002174666,0.001871017,0.000405729
20406-0.0,20406,Ever addicted to alcohol,0.002586008,0.001622315,0.001013851,0.001571264,0.001442563,0.002744058,0.00122999,0.001642343,0.002283628,0.001560287,0.001769631,0.000574518
20501-0.0,20501,Ever had period of mania / excitability,0.000777883,0.001647682,0.002140703,0.001001578,0.002498511,0.001421932,0.001524836,0.001983789,0.001627567,0.001596584,0.001622106,0.000507333
20492-0.0,20492,Longest period of mania or irritability,0.001077037,0.001103076,0.0019761,0.001680596,0.001872525,0.001018443,0.000957876,0.001671279,0.00241879,0.001202159,0.001497788,0.000496932
20522-0.0,20522,Been in a confiding relationship as an adult,0.001291113,0.001893123,0.000985033,0.00168063,0.001781656,0.001102834,0.001481183,0.001110527,0.001798892,0.001538819,0.001466381,0.000327389
2159-0.0,2159,Ever had same-sex intercourse,0.001411419,0.001102188,0.00109002,0.001664936,0.00125122,0.001750678,0.001107029,0.002107592,0.001204371,0.00181307,0.001450252,0.000360613
2946-0.0,2946,Father's age,0.001543363,0.001345761,0.001664228,0.001264126,0.001391645,0.001065196,0.001128754,0.001556833,0.001259535,0.001724858,0.00139443,0.000222875
46-0.0,46,Hand grip strength (left),0.001571961,0.001405658,0.001822122,0.00181613,0.000701256,0.001524078,0.001437645,0.001436,0.000949299,0.001278855,0.0013943,0.000350363
2188-0.0,2188,"Long-standing illness, disability or infirmity",0.00190904,0.001281237,0.000951429,0.001210299,0.001008202,0.001188584,0.001588459,0.00161661,0.001826087,0.000975162,0.001355511,0.000354857
20439-0.0,20439,Frequency of depressed days during worst episode of depression,0.001293223,0.001474431,0.001019145,0.000715597,0.001577001,0.000936159,0.001596652,0.001160748,0.001665192,0.001252869,0.001269102,0.00031507
23111-0.0,23111,Leg fat percentage (right),0.000686773,0.001223397,0.000749061,0.001865774,0.00112138,0.00139787,0.001025722,0.001544034,0.001226837,0.001440943,0.001228179,0.000358306
21022-0.0,21022,Age at recruitment,0.001104202,0.001128915,0.001598414,0.000861774,0.001388431,0.001097547,0.001052405,0.001027062,0.001638166,0.001318409,0.001221532,0.000255262
3526-0.0,3526,Mother's age at death,0.001201787,0.001355785,0.000742901,0.001566245,0.001004646,0.000921064,0.001456084,0.00109226,0.001564213,0.001249324,0.001215431,0.00027753
21000-0.0,21000,Ethnic background,0.000969599,0.001485049,0.001751124,0.001281462,0.001062219,0.000531389,0.000971294,0.001114869,0.001482115,0.001374194,0.001202332,0.000346437
20440-0.0,20440,Impact on normal roles during worst period of depression,0.000796197,0.0006028,0.001627214,0.002197252,0.001183331,0.000818033,0.000849831,0.001032782,0.001162685,0.001297664,0.001156779,0.00046972
1299-0.0,1299,Salad / raw vegetable intake,0.000380782,0.001444546,0.000638559,0.001600057,0.001945421,0.000923661,0.001250419,0.000709196,0.00096924,0.00147777,0.001133965,0.000490853
20453-0.0,20453,Ever taken cannabis,0.002033193,0.000671338,0.001169061,0.001492943,0.001312006,0.000684047,0.000677166,0.000733948,0.001055861,0.001455839,0.00112854,0.00045521
2050-0.0,2050,Frequency of depressed mood in last 2 weeks,0.001209435,0.001385946,0.00075342,0.001312399,0.001410169,0.001485795,0.00089147,0.000287233,0.000840077,0.001418993,0.001099494,0.00039121
20403-0.0,20403,Amount of alcohol drunk on a typical drinking day,0.001473379,0.001067895,0.000539301,0.000800618,0.001205089,0.001228543,0.001264804,0.001441713,0.001260394,0.000696968,0.00109787,0.000316941
20410-0.0,20410,Age when known person last commented about drinking habits,0.001173311,0.000720717,0.002517841,0.00060841,0.000860804,0.001164646,0.000819266,0.000608228,0.001037441,0.001318755,0.001082942,0.000560958
20496-0.0,20496,Felt distant from other people in past month,0.002001784,0.000421824,0.000806216,0.000957911,0.001279271,0.000395616,0.000779804,0.001087896,0.001785042,0.000941739,0.00104571,0.000524453
20449-0.0,20449,Feelings of tiredness during worst episode of depression,0.00160127,0.001234952,0.000660959,0.00123736,0.001014226,0.000698569,0.001404278,0.000649109,0.00084961,0.001074031,0.001042436,0.000329264
20414-0.0,20414,Frequency of drinking alcohol,0.000657025,0.000639726,0.001188997,0.001286866,0.000714549,0.001104917,0.001201814,0.000969032,0.001072042,0.001538151,0.001037312,0.000294485
757-0.0,757,Time employed in main current job,0.001493272,0.000884793,0.000813486,0.000606529,0.001934436,0.001410023,0.000967351,0.000784107,0.000774212,0.000610277,0.001027849,0.000438466
20116-0.0,20116,Smoking status,0.003562113,0.000540085,0.001149768,0.000701613,0.000246946,0.000989985,0.000620895,0.001023385,0.000243295,0.000766921,0.000984501,0.000955882
20434-0.0,20434,Age at last episode of depression,0.001173884,0.000899346,0.000671087,0.000870144,0.000778863,0.001083671,0.000907498,0.000881129,0.001426121,0.000801396,0.000949314,0.000220941
1488-0.0,1488,Tea intake,0.001529307,0.000949361,0.00043621,0.001142432,0.001322164,0.000809793,0.00081615,0.000653622,0.000869593,0.000852716,0.000938135,0.000318861
728-0.0,728,Number of vehicles in household,0.001519957,0.000990554,0.001679485,0.00076891,0.000503644,0.001207836,0.001013449,0.00098653,0.000139998,0.000514984,0.000932535,0.00047197
47-0.0,47,Hand grip strength (right),0.001035556,0.001176367,0.000783608,0.001127922,0.001234378,0.000950766,0.00070983,0.000364833,0.000656758,0.001058589,0.000909861,0.000274984
2110-0.0,2110,Able to confide,0.001010558,0.000688585,0.000277994,0.00098964,0.000974492,0.001101351,0.000778048,0.001520364,0.000490128,0.001010013,0.000884117,0.000345645
20462-0.0,20462,Distress caused by unusual or psychotic experiences,0.000681498,0.001028479,0.000591812,0.000984716,0.001132569,0.001360864,0.000628932,0.000712208,0.000589549,0.000857225,0.000856785,0.000262714
20466-0.0,20466,Ever prescribed a medication for unusual or psychotic experiences,0.000332243,0.001002695,0.000666516,0.000828314,0.00095861,0.000853813,0.000956117,0.000650978,0.000633478,0.001281418,0.000816418,0.000260327
20546-0.0-3,20546,Drugs or alcohol  taken for depression,0.00054827,0.000541225,0.001308608,0.001095057,0.000858676,0.001011301,0.000391715,0.000688505,0.000711672,0.000870519,0.000802555,0.000282056
20411-0.0,20411,Ever been injured or injured someone else through drinking alcohol,0.000586436,0.001026318,0.000421109,0.001456342,0.000366376,0.001032948,0.000913316,0.000673,0.001255099,0.00017832,0.000790927,0.000413013
4079-0.0,4079,"Diastolic blood pressure, automated reading",0.001088319,0.000775805,0.00081386,0.000818855,0.000708905,0.000229258,0.000937166,0.000588123,0.000988672,0.000887345,0.000783631,0.000240961
2966-0.0,2966,Age high blood pressure diagnosed,0.00096956,0.000518732,0.000723522,0.000870162,0.000458539,0.000882593,0.000559418,0.000720873,0.001206859,0.000825355,0.000773561,0.000227396
20160-0.0,20160,Ever smoked,0.000592844,0.000572776,0.001244894,0.000781112,0.001334289,0.000733759,0.001026234,0.000370799,0.000493548,0.000464256,0.000761451,0.000334972
20524-0.0,20524,Sexual interference by partner or ex-partner without consent as an adult,0.000310793,0.000902081,0.000625347,0.000855543,0.001531378,0.000247277,0.000562326,0.00062918,0.001116854,0.000672341,0.000745312,0.000379503
3456-0.0,3456,Number of cigarettes currently smoked daily (current cigarette smokers),0.000897509,0.000370012,0.001487978,0.00072151,0.00045356,0.000715571,0.000456181,0.000967947,0.000548536,0.000757529,0.000737633,0.000328901
2090-0.0,2090,"Seen doctor (GP) for nerves, anxiety, tension or depression",0.000569764,0.000722994,0.000296171,0.002904814,0.000346403,0.000513188,0.000425728,0.000659309,0.000106346,0.000785886,0.00073306,0.000790742
22040-0.0,22040,Summed MET minutes per week for all activity,0.001208207,0.000447192,0.000896357,0.000609917,0.000884652,0.00049064,0.000961387,0.000359358,0.000388009,0.000785879,0.00070316,0.000285921
1369-0.0,1369,Beef intake,0.002175173,0.000502394,0.001317717,0.000838286,0.000549572,0.000324897,0.000281213,0.000189892,0.000528157,0.000312334,0.000701964,0.000614146
4288-0.0,4288,Time to answer,0.000923382,0.000688538,0.000701927,0.000498945,0.001319989,0.000554255,0.000459119,0.000680948,0.000462875,0.000600402,0.000689038,0.000262344
20127-0.0,20127,Neuroticism score,0.000587348,0.000789537,0.000345727,0.000420624,0.001090469,0.000913553,0.000642627,0.000671959,0.000382499,0.000830405,0.000667475,0.000243505
1807-0.0,1807,Father's age at death,0.000535421,0.000739597,0.00057779,0.000538348,0.00091517,0.000854554,0.000532587,0.000737033,0.000562667,0.000548712,0.000654188,0.000145322
670-0.0,670,Type of accommodation lived in,0.000186312,0.000402398,0.001278887,0.001106669,0.000274542,0.000487229,0.00046507,0.000267829,0.000847592,0.00121531,0.000653184,0.000419867
767-0.0,767,Length of working week for main job,0.000432786,0.000491129,0.000957851,0.000505693,0.001304999,0.000695225,0.000402365,0.000822167,0.000481561,0.000434856,0.000652863,0.000295264
1835-0.0,1835,Mother still alive,0.000499023,0.000343056,0.001016546,0.000453292,0.000598256,5.33E-05,0.000625319,0.00079067,0.001093238,0.000747003,0.000621967,0.000310418
1329-0.0,1329,Oily fish intake,0.000794499,0.000790055,0.000740583,0.000466207,0.00102475,0.000450239,0.000365777,0.000505731,0.000395749,0.000677017,0.000621061,0.000216389
20526-0.0,20526,Been in serious accident believed to be life-threatening,0.000278229,0.000964313,0.000422905,0.0008883,0.000646032,7.72E-05,0.000920555,0.000703883,0.000504735,0.000772998,0.000617915,0.000293546
23100-0.0,23100,Whole body fat mass,0.000716588,0.0007232,0.000552858,0.000417037,0.000332465,0.000874467,0.000471154,0.000564718,0.000689219,0.00075808,0.000609979,0.000170351
709-0.0,709,Number in household,0.000663316,0.0004621,0.000842536,0.000436184,0.000700681,0.000349862,0.000443019,0.000503393,0.000784569,0.000835208,0.000602087,0.000184002
23104-0.0,23104,Body mass index (BMI),0.000899172,0.000650162,0.000706916,0.000520203,0.000496136,0.00050909,0.000497634,0.000640452,0.000534404,0.000531295,0.000598547,0.000129094
4581-0.0,4581,Financial situation satisfaction,0.000294938,0.000691016,0.000480154,0.000779845,0.00069268,0.000315487,0.000672476,0.000691764,0.00052608,0.000566707,0.000571115,0.000166498
400-0.1,400,Time to complete round,0.000743575,0.000479879,0.000615948,0.000524022,0.000336118,0.00044751,0.000571251,0.000646227,0.0007943,0.000535617,0.000569445,0.000137227
23115-0.0,23115,Leg fat percentage (left),0.000462323,0.000504784,0.000403806,0.000459016,0.000692345,0.000603827,0.000634287,0.000678201,0.000621365,0.000593832,0.000565378,0.000100405
2060-0.0,2060,Frequency of unenthusiasm / disinterest in last 2 weeks,6.91E-06,0.000465087,0.000246712,0.001094725,0.000314604,0.000572369,0.00062757,0.001182565,0.00043919,0.000532153,0.000548189,0.00035986
1797-0.0,1797,Father still alive,0.000772719,0.000436927,0.001218682,0.000324616,0.000552459,0.000343568,0.00060038,0.000397977,0.000637431,0.000171137,0.00054559,0.000294313
20477-0.0,20477,Ever talked to a health professional about unusual or psychotic experiences,0.000439209,0.000682492,0.000546776,0.00062209,0.000539519,0.000578908,0.000527674,0.000461746,0.000511861,0.000533457,0.000544373,7.12E-05
20022-0.0,20022,Birth weight,0.00073335,0.00042904,0.000455284,0.00066465,0.000457417,0.000400538,0.000511467,0.000673471,0.000491295,0.000478838,0.000529535,0.000116584
20456-0.0,20456,Ever addicted to illicit or recreational drugs,0.000917372,0.000435195,0.000363441,0.00054355,0.00025749,0.000587844,0.000333575,0.000561423,0.000862846,0.000396918,0.000525965,0.000219211
20023-0.0,20023,Mean time to correctly identify matches,0.000475464,0.000534826,0.000311535,0.000404944,0.0003785,0.000628751,0.000537216,0.000548097,0.000756378,0.00045577,0.000503148,0.000128666
20544-0.0-4,20544,Depression diagnosed by professional,2.40E-05,0.000730585,0.000433789,0.000735712,0.000347721,0.000611067,0.000539636,0.000398782,0.000534449,0.000581061,0.000493682,0.00020933
20519-0.0,20519,Recent feelings of tiredness or low energy,9.72E-05,0.000547613,0.000588417,0.000255677,0.000184031,0.000567551,0.001015173,0.000424875,0.000774168,0.000481738,0.000493642,0.000275397
23128-0.0,23128,Trunk fat mass,0.000582768,0.000654875,0.000562117,0.000541798,0.000348001,0.00041382,0.000343814,0.000357487,0.000413097,0.000610969,0.000482875,0.000119541
1279-0.0,1279,Exposure to tobacco smoke outside home,0.000300875,0.000365434,7.92E-05,0.000824807,0.000349672,0.000451551,0.000456378,0.000716977,0.000795946,0.000344754,0.000468561,0.000239456
20539-0.0,20539,Frequency of inability to stop worrying during worst period of anxiety,0.000627636,0.000366818,0.000430422,0.000205147,0.000566605,0.000479542,0.000648583,0.000471622,0.000300263,0.000496066,0.00045927,0.000140185
20416-0.0,20416,Frequency of consuming six or more units of alcohol,0.000532783,0.000413707,0.000814407,0.000258279,0.000443578,0.000425273,0.000632627,0.000518439,0.000376423,0.000139524,0.000455504,0.000187946
23124-0.0,23124,Arm fat mass (left),0.000849973,0.000474094,0.000263957,0.000488954,0.000144555,0.000345878,0.00041729,0.000559571,0.000411322,0.000497851,0.000445345,0.000187815
845-0.0,845,Age completed full time education,0.000272747,0.000447559,0.000607043,0.000639729,0.00022472,0.000179027,0.000434298,0.00045064,0.000410513,0.0007368,0.000440307,0.000182386
23112-0.0,23112,Leg fat mass (right),0.000417743,0.000444152,0.000173898,0.000551171,0.000360963,0.000596915,0.000262278,0.000533601,0.000481818,0.000566243,0.000438878,0.000138472
2040-0.0,2040,Risk taking,0.000451691,0.000546171,0.00025098,0.000334047,0.000171496,9.72E-05,0.000464118,0.000483664,0.001041088,0.000530941,0.00043714,0.000262457
94-0.0,94,"Diastolic blood pressure, manual reading",0.000431622,0.000463419,0.000618029,0.000499931,0.000523938,0.0004701,0.000517933,0.000391858,0.000445938,0,0.000436277,0.000165242
1239-0.0,1239,Current tobacco smoking,0.000617163,0.000571695,0.000495839,0.000605256,0.00039585,0.000243578,0.000330436,0.000703992,0.000123098,0.000262125,0.000434903,0.000192409
874-0.0,874,Duration of walks,0.000438985,0.000537287,0.000502793,0.000525797,0.000313428,0.000181652,0.000542296,0.000353576,0.000473966,0.000427522,0.00042973,0.000116296
99999996-0.0,99999996,Mania,0.000694901,0.000163605,0.00031999,0.000874133,0.000383474,0.000315198,0.000468073,0.000164519,0.000368513,0.000466122,0.000421853,0.000221658
23116-0.0,23116,Leg fat mass (left),0.000490682,0.00050045,0.000308089,0.000387232,0.00024103,0.000635525,0.000366614,0.000353173,0.000390589,0.000472537,0.000414592,0.000112643
6350-2.0,6350,Duration to complete alphanumeric path (trail #2),0.000505991,0.000525589,0.000168178,0.00020887,0.000708281,0.000313861,0.000678961,0.000251515,0.000365424,0.000334511,0.000406118,0.000189945
20548-0.0-8,20548,Manifestations of mania or irritability,0.000469927,0.00053353,0.000586512,0.000350834,0.000105383,7.15E-05,8.13E-05,0.000513544,0.000785172,0.000435081,0.00039328,0.000239959
1180-0.0,1180,Morning/evening person (chronotype),0.000567458,0.000439685,0.000284149,0.000385424,0.000320217,0.000208399,0.00025192,0.000536427,0.000707944,0.000192079,0.00038937,0.000171204
20463-0.0,20463,Ever heard an un-real voice,0.000289173,0.000367838,0.000752507,0.000247628,0.000349955,0.000324238,0.000459507,0.000677481,0.000212527,0.00016653,0.000384738,0.000193477
4620-0.0,4620,Number of depression episodes,8.18E-05,0.000300508,0.000706859,0.000209808,0.000576022,0.000121497,0.000523157,0.000331103,0.000485484,0.00046697,0.000380323,0.0002049
1289-0.0,1289,Cooked vegetable intake,0.00024752,0.000332418,0.000556198,0.000166429,0.000577636,0.000503171,0.00033227,0.000470412,0.000382815,0.000111371,0.000368024,0.000160517
99999997-0.0,99999997,Happiness and subjective well-being,0.000563239,0.00018609,0.000351657,0.000207212,0.00044453,0.000105518,0.000421572,0.000382468,0.00062053,0.000339681,0.00036225,0.000163097
1339-0.0,1339,Non-oily fish intake,0.000704468,0.00051582,0.000193242,0.000318066,0.000583213,0.000407588,0.00017252,0.000196231,0.000111175,0.000256148,0.000345847,0.000199237
3436-0.0,3436,Age started smoking in current smokers,0.000263136,0.000290206,0.000181635,0.000305919,0.000622516,0.000271035,0.000391143,0.000346239,0.000334638,0.000444864,0.000345133,0.000121388
5386-0.0,5386,Number of unenthusiastic/disinterested episodes,0.000209285,0.0003745,0.000499173,0.000351282,0.000408668,0.000237289,0.000277653,0.000207997,0.000614928,0.000241658,0.000342243,0.000135615
1845-0.0,1845,Mother's age,0.000487389,0.000230182,0.000535164,0.000405923,0.000209457,0.000247306,0.000106227,0.000298431,0.000449366,0.000324887,0.000329433,0.000137155
23107-0.0,23107,Impedance of leg (right),0.000406121,0.000333484,0.000330576,0.000256811,0.000250589,0.000395486,0.000410489,0.000369114,0.00021981,0.000310114,0.000328259,6.85E-05
1200-0.0,1200,Sleeplessness / insomnia,0.000949575,0.000171893,0.000480575,8.39E-05,0.000285222,0.000304098,0.000253803,0.000185108,0.000134351,0.000417586,0.00032661,0.000251092
23113-0.0,23113,Leg fat-free mass (right),0.000404678,0.000261941,0.000262144,0.000148288,0.000240088,0.00051622,0.000367056,0.000350569,0.000353712,0.000276812,0.000318151,0.000102403
1873-0.0,1873,Number of full brothers,0.000701264,0.000196154,0.000213899,0.000334613,0.000411856,0.00036639,0.000327251,0.000148323,0.000316366,0.000111019,0.000312713,0.000168471
3476-0.0,3476,Difficulty not smoking for 1 day,0.000133463,0.000315464,0.000383232,0.000472041,0.000345518,0.000559295,0.000228661,0.000226256,0.000157639,0.000262931,0.00030845,0.000135507
23117-0.0,23117,Leg fat-free mass (left),0.000459168,0.000320012,0.000342096,0.000213215,0.000257125,0.000396115,0.000369009,0.0002078,0.000254001,0.000246487,0.000306503,8.43E-05
20504-0.0,20504,Ongoing addiction or dependence to over-the-counter medication,0.000150516,0.000324708,0.000555704,0.000698467,3.94E-05,0.00042318,9.37E-05,0.000146742,0.000217356,0.000410868,0.000306067,0.000214732
3486-0.0,3486,Ever tried to stop smoking,5.38E-05,0.000135482,0.000141603,0.000244278,0.000743721,0.000494429,0.000302049,0.000383845,0.000163452,0.000318564,0.000298126,0.000204542
20467-0.0,20467,Frequency of unusual or psychotic experiences in past year,7.62E-05,0.000306993,0.000604279,0.000495284,0.000180385,0.000329048,0.000178739,0.000269683,0.000197425,0.000275372,0.00029134,0.000157062
23118-0.0,23118,Leg predicted mass (left),0.000483753,0.000298093,0.000248281,0.000215133,0.000215044,0.000336424,0.000315803,0.000251338,0.000237422,0.0002872,0.000288849,8.00E-05
1438-0.0,1438,Bread intake,0.0002693,0.000284421,0.000257897,0.000262331,0.000434776,0.000289253,0.000249852,0.000110331,0.000448809,0.000246935,0.00028539,9.66E-05
23119-0.0,23119,Arm fat percentage (right),0.000229672,0.000217564,0.000192886,0.000283886,0.000199331,0.000451454,0.000205242,0.000402609,0.000337179,0.000294989,0.000281481,9.07E-05
1050-0.0,1050,Time spend outdoors in summer,0.000435877,0.000235719,0.000119714,9.43E-05,0.000155231,0.000393529,0.000338517,0.000618447,0.000228924,0.000187253,0.000280751,0.000164677
1309-0.0,1309,Fresh fruit intake,0.00017214,0.000238846,0.000294184,0.000132382,0.00047883,0.000433098,0.00011521,0.000549683,0.000214905,6.51E-05,0.000269438,0.000165825
20442-0.0,20442,Lifetime number of depressed periods,0.000105352,0.000245674,9.57E-05,0.000164494,0.000133957,0.000465968,0.000673199,4.18E-05,0.000592156,0.000133739,0.000265213,0.000226778
20431-0.0,20431,Ever addicted to a behaviour or miscellanous,0.000169649,0.000236288,0.000328519,0.000269137,0.000178861,0.00034625,0.000144687,0.000263934,0.00037433,0.000310916,0.000262257,7.92E-05
21021-0.0,21021,Pulse wave Arterial Stiffness index,0.000245957,0.00022766,0.000353876,0.000185326,0.000210624,0.000527842,0.000159582,0.000211692,0.000254124,0.000244854,0.000262154,0.00010669
404-0.0,404,Duration to first press of snap-button in each round,0.000197263,0.000208831,0.000521135,0.000378498,0.000196669,0.000191757,0.000126946,0.000291483,0.000334623,0.000153507,0.000260071,0.000121591
99999993-0.0,99999993,PHQ9,0.000424803,0.000194457,0.000243828,0.000202745,0.000171099,0.000176559,0.000358449,0.000388519,0.000155851,0.000257064,0.000257337,9.82E-05
826-0.0,826,Job involves shift work,8.38E-05,0.000329037,0.000331437,0.000417624,0.000206268,0.000215524,0.000135027,0.00039745,0.000163515,0.000287358,0.000256706,0.000113079
20408-0.0,20408,Frequency of memory loss due to drinking alcohol in last year,0.000263842,0.00021823,0.000276036,6.37E-05,0.000107706,0.000376826,0.000286308,0.000302123,0.000293035,0.000338699,0.000252647,9.81E-05
20503-0.0,20503,Ever addicted to prescription or over-the-counter medication,0.000217584,0.000271775,0.000386485,0.000428622,9.47E-05,0.00034229,6.24E-05,0.000170934,0.000294838,0.000252387,0.000252207,0.000119297
99999991-0.0,99999991,Unusual and psychotic experiences,0.000270173,0.00022974,0.000324823,0.000151038,4.30E-05,0.000220109,4.91E-05,0.000731396,0.000458884,3.23E-05,0.000251054,0.000216815
1528-0.0,1528,Water intake,0.000271755,0.000127626,0.000185951,0.000257299,0.000342086,0.000101898,0.000422832,0.0004192,0.000192812,0.000167221,0.000248868,0.000114808
23109-0.0,23109,Impedance of arm (right),0.000272034,0.000213458,0.000256644,0.000261695,0.000188776,0.000267729,0.000236371,0.00024934,0.000289789,0.000184155,0.000241999,3.58E-05
23108-0.0,23108,Impedance of leg (left),0.000199277,0.000230573,0.000286817,0.000219443,0.00014939,0.000295203,0.000160177,0.000348301,0.000279584,0.000236504,0.000240527,6.26E-05
23114-0.0,23114,Leg predicted mass (right),0.000420991,0.00014194,0.000215139,8.28E-05,0.000216841,0.000352304,0.000379612,0.000175499,0.000190235,0.000208553,0.000238392,0.000109515
23101-0.0,23101,Whole body fat-free mass,0.000814831,0.000253275,0.000134214,0.000159663,0.000102563,0.000371565,0.000149369,0.00015431,8.75E-05,0.00014438,0.000237168,0.00021917
20490-0.0,20490,Sexually molested as a child,0.000323016,0.000147961,0.00012323,8.74E-05,0.00052034,0.000334942,0.000109599,0.000421291,0.000133759,0.000121564,0.000232312,0.000154372
23105-0.0,23105,Basal metabolic rate,0.000320516,0.000205638,0.000352984,0.000188469,0.000129329,0.00025206,0.00022445,0.000179093,0.000309673,0.000153747,0.000231596,7.53E-05
20404-0.0,20404,Ever physically dependent on alcohol,4.80E-05,8.25E-05,6.07E-05,8.01E-05,0.0005162,0.00034353,0.000353555,0.000334951,0.000339069,0.000142612,0.000230122,0.000165537
2306-0.0,2306,Weight change compared with 1 year ago,0.000164877,0.000231105,0.000426635,0.000105684,0.000219229,0.000258698,0.000308271,0.000247998,0.000183558,0.000145211,0.000229127,9.13E-05
1950-0.0,1950,Sensitivity / hurt feelings,0.000242246,0.000201738,0.000145117,0.000128806,0.000238615,0.000252937,0.000111684,0.000533555,0.000330983,8.16E-05,0.00022673,0.000132181
1558-0.0,1558,Alcohol intake frequency.,0.000376027,0.00012301,0.000139875,0.000122105,0.000199212,0.000251117,0.000219531,0.000349705,0.000140207,0.000291174,0.000221196,9.39E-05
3426-0.0,3426,Job involves night shift work,0.000157475,0.000279665,0.000399751,0.000277435,0.000283942,0.0001697,8.41E-05,0.000147807,0.000105547,0.000302865,0.000220825,0.000101842
4196-0.0,4196,Pulse wave peak to peak time,0.000235431,0.000285202,0.000212858,0.00014241,0.000138933,0.000259949,0.00022253,0.000206147,0.000206686,0.000220501,0.000213064,4.55E-05
1080-0.0,1080,Time spent using computer,0.000210484,0.000189403,0.000282125,0.000207329,0.000317669,0.000182718,0.000176837,8.07E-05,0.000239609,0.000191799,0.000207866,6.41E-05
23130-0.0,23130,Trunk predicted mass,0.000456399,0.000192945,0.00016967,0.000128213,0.000182815,0.000180966,0.000248855,0.000148061,0.000159117,0.000166885,0.000203393,9.44E-05
20419-0.0,20419,Difficulty concentrating during worst period of anxiety,8.03E-05,0.000237148,0.000294539,0.000219527,0.000311745,0.000158385,0.000206538,0.000279339,6.17E-06,0.000144247,0.000193796,9.77E-05
23129-0.0,23129,Trunk fat-free mass,0.000401126,0.00023833,0.000168818,0.000142004,0.000179956,0.000171099,0.000167367,0.000151608,0.000177583,0.000123298,0.000192119,7.93E-05
20537-0.0,20537,Frequency of difficulty controlling worry during worst period of anxiety,6.29E-05,0.000135585,0.000246904,0.000133234,0.000354211,0.00026323,0.000239655,0.000166723,0.000121826,0.000186609,0.000191092,8.53E-05
23120-0.0,23120,Arm fat mass (right),0.000291941,0.000220305,0.000174917,8.51E-05,0.000127532,0.000154473,0.000132688,0.000330537,0.000135172,0.000247641,0.00019003,7.96E-05
22034-0.0,22034,Summed minutes activity,0.000145609,0.000166787,0.000310385,0.000253489,0.000214048,0.00020005,0.000127968,0.000153187,0.000205472,0.000120568,0.000189756,5.96E-05
23099-0.0,23099,Body fat percentage,5.00E-05,8.81E-05,9.96E-05,0.000310121,0.000251089,0.000124607,0.000257584,0.000299085,0.00017334,0.000218587,0.000187208,9.31E-05
4598-0.0,4598,Ever depressed for a whole week,0.000239262,0.000154191,0.000361389,0.000207321,3.96E-05,0.000130703,0.000149396,0.000257925,6.24E-05,0.00024448,0.000184671,9.70E-05
2473-0.0,2473,Other serious medical condition/disability diagnosed by doctor,2.56E-05,0.000216261,0.000209551,6.39E-05,0.00014156,0.000173353,0.000266526,0.000221184,0.000388408,0.000100371,0.000180669,0.000105401
23102-0.0,23102,Whole body water mass,0.00040176,0.000217873,0.000119532,0.000175439,6.76E-05,0.000111177,0.000197372,0.000155344,0.000133516,0.000170195,0.000174982,9.10E-05
20448-0.0,20448,Professional informed about depression,7.16E-05,8.44E-05,0.000602871,4.30E-05,8.07E-05,0.000307115,0.000115164,0.0002981,0.000113105,2.26E-05,0.000173873,0.000179971
23123-0.0,23123,Arm fat percentage (left),0.000136017,0.000174578,0.000174675,0.000167961,0.000197916,0.000184601,0.000143813,0.000215993,0.000178248,0.000155155,0.000172896,2.40E-05
1498-0.0,1498,Coffee intake,0.000123041,0.000142593,0.000305024,6.59E-05,0.00018766,0.000161788,0.000321344,7.02E-05,0.000142123,0.000172208,0.000169182,8.57E-05
20438-0.0,20438,Duration of worst depression,8.32E-05,6.90E-05,8.20E-05,0.000343362,4.48E-05,0.000246948,7.98E-05,0.00015164,0.000287366,0.000271429,0.000165947,0.000110312
23110-0.0,23110,Impedance of arm (left),0.000189174,0.000190216,0.000136421,0.00018115,0.000140793,0.000105856,0.000201089,0.000219988,0.000133735,0.000158354,0.000165678,3.61E-05
1618-0.0,1618,Alcohol usually taken with meals,0.000156434,0.000173769,8.58E-05,8.29E-05,0.000202268,0.000251086,9.37E-05,0.00027102,0.000208895,0.000104802,0.000163067,6.98E-05
99999994-0.0,99999994,PHQ4,4.69E-05,0.000127754,0.000123389,0.00042722,0.000155525,0.000283058,0.000112473,8.84E-05,9.78E-05,0.000132081,0.000159463,0.000112431
5057-0.0,5057,Number of older siblings,5.75E-05,0.000142081,0.000112172,0.000255338,9.23E-05,0.00018659,0.000154847,0.000191748,0.000179538,0.000191506,0.000156367,5.75E-05
23127-0.0,23127,Trunk fat percentage,0.000195648,0.000115848,0.000143569,0.000195653,0.000121099,0.000132626,0.000163434,0.000210138,0.000143739,0.000141342,0.00015631,3.34E-05
20459-0.0,20459,General happiness with own health,0.000126926,8.61E-05,0.000176705,0.000271756,6.34E-05,0.000183146,9.34E-05,0.000186944,8.63E-05,0.000248595,0.000152319,7.23E-05
23106-0.0,23106,Impedance of whole body,0.00020618,0.000112788,0.000182206,0.000144425,0.000100451,0.0001748,0.000122525,0.000212886,0.000101574,0.000157643,0.000151548,4.19E-05
1379-0.0,1379,Lamb/mutton intake,1.45E-05,9.29E-05,0.000177112,0.000136411,0.000257591,0.000295336,0.000174873,0.000160112,0.000139952,6.54E-05,0.000151417,8.38E-05
2080-0.0,2080,Frequency of tiredness / lethargy in last 2 weeks,2.45E-05,0.000168232,0.000177896,0.000124983,6.32E-05,5.07E-05,6.06E-05,0.000267208,0,0.00056487,0.00015021,0.000167081
4609-0.0,4609,Longest period of depression,1.83E-05,0.000138814,0.000238431,0.000128647,0.000135951,0.000266829,0.000134243,0.000125586,0.000160716,0.000124204,0.000147173,6.76E-05
5375-0.0,5375,Longest period of unenthusiasm / disinterest,0.000122265,0.000101815,7.94E-05,0.000111723,0.000173997,0.000177868,0.000233306,0.000146637,0.000184887,0.000111618,0.000144348,4.74E-05
20413-0.0,20413,Frequency of inability to cease drinking in last year,8.44E-05,0.000144314,0.000152127,6.38E-05,0.000131347,0.0001448,5.85E-05,0.000204627,0.000153503,0.000280352,0.00014178,6.65E-05
20405-0.0,20405,"Ever had known person concerned about, or recommend reduction of, alcohol consumption",0.000196976,0.000144593,3.53E-05,6.56E-05,4.21E-05,0.000206084,0.000161924,9.24E-06,0.000408104,0.000125782,0.000139562,0.00011709
4195-0.0,4195,Pulse wave reflection index,0.000151164,0.000104463,0.000210979,0.000106895,0.000185962,0.000122297,0.000124269,0.000147112,0.00012915,0.000107524,0.000138981,3.56E-05
99999999-0.0,99999999,Anxiety,9.17E-05,8.76E-05,0.00017906,6.26E-05,0.000125359,8.53E-05,0.00021963,0.000312621,0.000117658,0.000102577,0.000138409,7.73E-05
738-0.0,738,Average total household income before tax,0.000103452,8.60E-05,0.000142193,0.000122096,0.000100693,0.000146581,0.000164457,0.000209839,0.000108261,6.93E-05,0.000125281,4.15E-05
6325-2.0,6325,Duration to entering symbol choice,4.91E-05,9.51E-05,0.000110712,0.000146074,0.000186214,0.000211375,8.51E-05,0.000117727,0.000106782,0.000132174,0.000124028,4.78E-05
20509-0.0,20509,Recent inability to stop or control worrying,5.78E-05,0.00015092,9.23E-05,7.28E-05,0.000122171,0.000103993,0.000138628,0.000184044,0.000107627,0.000117954,0.000114824,3.71E-05
1920-0.0,1920,Mood swings,8.75E-05,8.95E-05,8.80E-05,3.10E-05,0.000112203,0.000242591,0.000189041,8.65E-05,0.00017488,3.95E-05,0.000114069,6.75E-05
20540-0.0,20540,Multiple worries during worst period of anxiety,6.93E-05,0.000145528,0.000122212,6.32E-05,1.33E-05,0.000127427,0.000190865,0.000112696,8.77E-05,0.000183678,0.000111585,5.51E-05
20532-0.0,20532,Did your sleep change?,0.000156952,0.000169284,8.48E-05,0.000138222,0.000146174,0.000155891,1.93E-05,8.73E-05,0.000111381,4.63E-05,0.00011156,5.09E-05
4559-0.0,4559,Family relationship satisfaction,7.40E-05,0.000134717,0.000128883,0.000140215,8.92E-05,4.81E-05,7.71E-05,0.0001599,0.000123591,0.000121232,0.000109698,3.55E-05
20460-0.0,20460,Belief that own life is meaningful,0.00018033,5.01E-05,9.09E-05,8.90E-05,8.21E-05,0.000113164,0.00015774,0.000114177,4.92E-05,0.000161254,0.000108805,4.56E-05
1120-0.0,1120,Weekly usage of mobile phone in last 3 months,0.00018171,0.000115501,7.75E-05,0.000126161,7.67E-05,0.000142361,4.77E-05,8.23E-05,9.32E-05,0.000121485,0.000106461,3.89E-05
21004-2.0,21004,Number of puzzles correct,0.000112248,6.90E-05,4.32E-05,4.77E-05,6.86E-05,0.000355364,8.71E-05,8.27E-05,0.000120778,5.69E-05,0.000104345,9.18E-05
4194-0.0,4194,Pulse rate,0.000108936,7.16E-05,0.000127958,0.000128282,0.000194162,8.36E-05,0.000111712,8.93E-05,4.46E-05,8.15E-05,0.000104171,4.09E-05
20534-0.0,20534,Sleeping too much,5.65E-05,7.73E-05,6.56E-05,6.28E-05,7.47E-05,0.000166553,0.000152756,0.000113643,7.83E-05,0.000188766,0.000103687,4.86E-05
22033-0.0,22033,Summed days activity,0.000126571,8.94E-05,0.000164729,7.73E-05,0.000149714,8.83E-05,8.23E-05,0.000111371,7.57E-05,5.59E-05,0.000102126,3.51E-05
20497-0.0,20497,Repeated disturbing thoughts of stressful experience in past month,8.75E-05,6.00E-05,0.000106021,8.79E-05,0.000216418,4.47E-05,0.000109119,0.000100837,9.08E-05,8.95E-05,9.93E-05,4.57E-05
20418-0.0,20418,Impact on normal roles during worst period of anxiety,0.00017385,4.72E-05,0.000139009,7.18E-05,8.32E-05,0.000158265,5.52E-05,8.08E-05,9.95E-05,8.09E-05,9.90E-05,4.34E-05
20548-0.0-9,20548,Manifestations of mania or irritability,9.73E-06,0.00016273,3.49E-05,0.000118624,2.24E-05,0.000350379,3.55E-05,0.00011374,9.66E-05,4.19E-05,9.87E-05,0.000101702
6348-2.0,6348,Duration to complete numeric path (trail #1),0.00015105,9.51E-05,3.45E-05,0.000140993,4.61E-05,9.00E-05,0.000196304,6.73E-05,8.72E-05,7.08E-05,9.79E-05,5.05E-05
20458-0.0,20458,General happiness,0.00011181,0.000107574,6.78E-05,4.62E-05,7.88E-05,0.000176624,6.26E-05,0.000114958,8.18E-05,0.000119207,9.67E-05,3.75E-05
4631-0.0,4631,Ever unenthusiastic/disinterested for a whole week,0.000117575,7.82E-05,7.95E-05,7.46E-05,3.43E-05,0.000165629,9.03E-05,7.98E-05,0.000115376,0.000122194,9.57E-05,3.58E-05
894-0.0,894,Duration of moderate activity,0.000234537,4.73E-05,8.66E-05,0.000120484,0.000113647,6.54E-05,9.41E-05,5.41E-05,6.46E-05,6.20E-05,9.43E-05,5.51E-05
1717-0.0,1717,Skin colour,1.62E-05,4.40E-05,5.89E-05,0.000100713,0.000125735,3.12E-05,0.000122107,0.000120934,0.00023091,8.50E-05,9.36E-05,6.25E-05
23125-0.0,23125,Arm fat-free mass (left),8.30E-05,8.55E-05,7.32E-05,9.25E-05,3.19E-05,0.000210842,5.79E-05,9.15E-05,4.93E-05,0.000137372,9.13E-05,5.08E-05
6773-2.0,6773,Interval between previous point and current one in alphanumeric path (trail #2),6.01E-05,0.000102886,0.000156174,0.000162399,7.27E-05,3.34E-05,5.71E-05,7.61E-05,8.38E-05,0.000107973,9.13E-05,4.19E-05
20468-0.0,20468,Ever believed in an un-real conspiracy against self,4.67E-05,0.000150289,0,0,0.000106843,2.11E-05,0.000185227,0.000124685,0.000185624,7.92E-05,9.00E-05,7.17E-05
20409-0.0,20409,Frequency of feeling guilt or remorse after drinking alcohol in last year,2.68E-05,0.000104386,7.15E-05,1.34E-05,0.00011211,0.00020171,6.81E-05,5.70E-05,0.000142132,8.86E-05,8.86E-05,5.54E-05
20527-0.0,20527,Been involved in combat or exposed to war-zone,1.58E-05,0.000113418,5.41E-05,8.25E-05,0.00022178,0.000108435,6.97E-05,1.78E-05,6.69E-05,0.000127787,8.78E-05,6.02E-05
20520-0.0,20520,Recent worrying too much about different things,1.89E-05,8.16E-05,0.00012744,0.000128358,4.37E-05,4.45E-05,0.000103759,0.000126974,0.00012615,6.57E-05,8.67E-05,4.16E-05
20535-0.0,20535,Waking too early,7.85E-05,0.000130721,0.000208585,3.27E-05,7.66E-05,7.20E-05,7.58E-05,6.53E-05,6.00E-05,6.62E-05,8.66E-05,4.92E-05
20510-0.0,20510,Recent feelings of depression,8.64E-05,0.00011122,1.51E-05,7.61E-05,0.00022786,7.22E-05,4.18E-05,0.000103363,8.34E-05,4.34E-05,8.61E-05,5.79E-05
20505-0.0,20505,Recent easy annoyance or irritability,5.73E-05,5.44E-05,4.85E-05,3.07E-05,7.28E-05,0.000271911,6.31E-05,8.69E-05,9.91E-05,4.75E-05,8.32E-05,6.92E-05
20551-0.0-1,20551,Substance of prescription or over-the-counter medication addiction,7.24E-05,0.000124642,0.000147193,0.000130481,1.46E-05,5.37E-05,5.57E-05,5.18E-06,6.50E-05,0.000161653,8.31E-05,5.48E-05
20514-0.0,20514,Recent lack of interest or pleasure in doing things,0.000130076,6.82E-05,5.73E-05,1.53E-05,7.85E-05,0.00016436,5.39E-05,7.16E-05,8.51E-05,9.23E-05,8.17E-05,4.13E-05
20016-0.0,20016,Fluid intelligence score,4.41E-05,0.000103379,0.000166994,7.83E-05,8.05E-05,5.84E-05,6.79E-05,6.20E-05,7.29E-05,6.63E-05,8.01E-05,3.43E-05
1130-0.0,1130,Hands-free device/speakerphone use with mobile phone in last 3 month,0.000166346,6.23E-05,0.000164713,0.000104938,6.47E-05,2.68E-05,6.61E-05,2.57E-05,4.71E-05,7.17E-05,8.00E-05,5.05E-05
20544-0.0-3,20544,Depression diagnosed by professional,6.98E-05,5.43E-05,0,0.000180068,0.000202278,0.000111679,5.42E-05,1.18E-05,6.43E-05,3.96E-05,7.88E-05,6.69E-05
1727-0.0,1727,Ease of skin tanning,9.25E-05,4.32E-05,0.000155135,6.29E-05,0.000112459,3.87E-05,3.90E-05,8.14E-05,6.82E-05,7.99E-05,7.74E-05,3.64E-05
1319-0.0,1319,Dried fruit intake,8.20E-05,8.03E-05,8.64E-05,3.78E-05,0.000103889,3.48E-05,4.54E-05,8.51E-05,0.000105603,9.74E-05,7.59E-05,2.68E-05
1767-0.0,1767,Adopted as a child,0.000131794,9.74E-05,7.83E-05,7.29E-05,0.000100877,1.34E-05,8.10E-05,0,0.000115406,6.28E-05,7.54E-05,4.17E-05
884-0.0,884,Number of days/week of moderate physical activity 10+ minutes,5.56E-05,7.21E-05,4.97E-05,9.13E-05,9.75E-05,9.10E-05,5.46E-05,9.37E-05,8.52E-05,5.38E-05,7.44E-05,1.93E-05
1518-0.0,1518,Hot drink temperature,9.06E-05,5.89E-05,7.51E-05,8.60E-05,0.000154333,7.37E-05,6.48E-05,2.61E-05,3.67E-05,7.04E-05,7.37E-05,3.48E-05
904-0.0,904,Number of days/week of vigorous physical activity 10+ minutes,6.92E-05,5.09E-05,4.47E-05,7.87E-05,0.000101005,4.37E-05,1.00E-04,7.77E-05,6.94E-05,8.41E-05,7.19E-05,2.07E-05
20525-0.0,20525,Able to pay rent/mortgage as an adult,8.14E-05,3.51E-05,8.85E-05,0.0001126,5.56E-05,4.70E-05,4.34E-05,5.38E-05,8.21E-05,0.000109176,7.09E-05,2.77E-05
1389-0.0,1389,Pork intake,6.78E-05,1.90E-05,0.000202791,8.41E-05,5.25E-05,7.76E-05,2.97E-05,7.22E-05,5.80E-05,3.23E-05,6.96E-05,5.16E-05
816-0.0,816,Job involves heavy manual or physical work,9.67E-05,3.55E-05,9.01E-05,3.45E-05,0.00018971,7.06E-05,3.87E-05,3.85E-05,4.41E-05,5.61E-05,6.94E-05,4.80E-05
23324-2.0,23324,Number of symbol digit matches made correctly,3.01E-05,4.96E-05,0.000166902,7.39E-05,3.37E-05,6.48E-05,9.93E-05,5.00E-05,7.61E-05,4.92E-05,6.94E-05,4.01E-05
3761-0.0,3761,"Age hay fever, rhinitis or eczema diagnosed",0.000152661,4.15E-05,7.70E-05,5.83E-05,0.000123954,8.26E-05,3.03E-05,2.52E-05,3.74E-05,4.53E-05,6.74E-05,4.23E-05
23121-0.0,23121,Arm fat-free mass (right),0.000111815,6.35E-05,7.70E-05,6.83E-05,8.13E-05,5.26E-05,6.17E-05,6.57E-05,4.86E-05,4.11E-05,6.72E-05,1.99E-05
1269-0.0,1269,Exposure to tobacco smoke at home,1.41E-05,3.88E-05,0,9.12E-05,0.000141349,1.68E-05,5.76E-05,0.000127924,7.93E-05,8.91E-05,6.56E-05,4.85E-05
1628-0.0,1628,Alcohol intake versus 10 years previously,6.09E-05,5.68E-05,2.73E-05,0.000212819,7.63E-05,5.24E-05,4.11E-05,1.54E-05,6.58E-05,4.66E-05,6.56E-05,5.48E-05
4285-0.0,4285,Time to complete test,3.73E-05,4.38E-05,0.000102039,8.83E-05,0.000128893,7.12E-05,3.89E-05,7.23E-05,2.56E-05,4.49E-05,6.53E-05,3.32E-05
20507-0.0,20507,Recent feelings of inadequacy,0.000206619,3.28E-05,5.90E-05,4.21E-05,4.79E-05,8.23E-05,5.43E-05,7.84E-05,4.89E-05,0,6.52E-05,5.48E-05
1359-0.0,1359,Poultry intake,0.000161002,3.85E-05,0.000109151,8.84E-05,4.63E-05,9.27E-05,7.04E-06,1.97E-05,5.94E-05,2.51E-05,6.47E-05,4.78E-05
20515-0.0,20515,Recent trouble relaxing,0.000165216,3.55E-05,3.85E-06,8.76E-05,5.74E-05,3.44E-05,3.85E-05,8.32E-05,5.89E-05,5.15E-05,6.16E-05,4.38E-05
5364-0.0,5364,Average weekly intake of other alcoholic drinks,9.99E-06,5.72E-05,4.19E-05,4.24E-05,8.59E-05,4.35E-05,4.79E-05,5.04E-05,8.37E-05,0.000149497,6.12E-05,3.78E-05
5496-0.0,5496,Leg pain when walking ever disappears while walking,9.32E-06,8.60E-05,2.03E-05,2.97E-05,0.000197289,2.87E-05,6.39E-05,6.69E-05,4.23E-05,6.63E-05,6.11E-05,5.37E-05
20548-0.0-3,20548,Manifestations of mania or irritability,8.22E-05,7.53E-05,7.89E-06,0.000148391,4.54E-05,9.08E-05,7.29E-06,5.61E-05,9.60E-05,0,6.09E-05,4.73E-05
2020-0.0,2020,"Loneliness, isolation",5.36E-05,2.46E-05,9.69E-05,3.17E-05,9.54E-05,1.74E-05,3.68E-05,0.000170042,4.92E-05,2.43E-05,6.00E-05,4.78E-05
20415-0.0,20415,Ongoing addiction to alcohol,3.44E-05,0,5.38E-05,1.80E-05,0.000119489,0.000170903,5.05E-05,6.60E-05,2.04E-05,6.36E-05,5.97E-05,5.12E-05
5518-0.0,5518,Leg pain on walking : effect of standing still,1.15E-05,6.14E-05,0,0.000133321,0.000135676,5.06E-05,7.81E-05,6.16E-05,2.91E-05,3.07E-05,5.92E-05,4.63E-05
1070-0.0,1070,Time spent watching television (TV),3.82E-05,0.000101997,9.65E-05,3.36E-05,4.35E-05,4.92E-05,1.19E-05,0.000112848,6.13E-05,3.88E-05,5.88E-05,3.37E-05
20126-0.0,20126,Bipolar and major depression status,0.0001621,4.56E-06,4.17E-05,4.53E-05,6.32E-05,3.79E-05,4.54E-05,6.59E-05,7.16E-05,4.60E-05,5.84E-05,4.10E-05
2887-0.0,2887,Number of cigarettes previously smoked daily,4.26E-05,5.34E-05,4.47E-05,4.35E-05,8.16E-05,9.24E-05,4.32E-05,3.55E-05,7.60E-05,6.41E-05,5.77E-05,1.96E-05
1408-0.0,1408,Cheese intake,6.66E-05,2.13E-05,0.000157422,4.15E-05,7.75E-05,1.62E-05,4.98E-05,5.33E-05,3.14E-05,5.51E-05,5.70E-05,4.01E-05
23126-0.0,23126,Arm predicted mass (left),0.0001199,6.49E-05,1.82E-05,0.000101098,2.31E-05,6.69E-05,1.78E-05,2.72E-05,3.96E-05,6.14E-05,5.40E-05,3.56E-05
1787-0.0,1787,Maternal smoking around birth,1.80E-05,3.17E-05,7.65E-05,1.10E-05,8.89E-05,2.36E-05,6.17E-05,2.30E-05,0.000126638,7.88E-05,5.40E-05,3.83E-05
20506-0.0,20506,Recent feelings or nervousness or anxiety,6.06E-05,6.12E-05,5.67E-05,2.55E-05,6.09E-05,2.46E-05,7.62E-05,7.54E-05,5.87E-05,6.69E-06,5.06E-05,2.34E-05
1060-0.0,1060,Time spent outdoors in winter,9.32E-05,3.58E-05,0.000103393,1.59E-05,5.25E-05,4.55E-05,6.35E-05,5.75E-05,1.86E-05,1.67E-05,5.03E-05,3.06E-05
20417-0.0,20417,"Tense, sore, or aching muscles during worst period of anxiety",2.31E-05,7.21E-05,6.49E-05,4.30E-05,5.97E-05,3.38E-05,3.36E-05,0.000134324,2.44E-05,1.30E-05,5.02E-05,3.53E-05
6351-2.0,6351,Total errors traversing alphanumeric path (trail #2),7.40E-05,2.55E-05,3.10E-06,0.000121549,7.41E-05,4.58E-05,2.10E-05,5.83E-05,2.02E-05,5.74E-05,5.01E-05,3.49E-05
1940-0.0,1940,Irritability,4.79E-05,2.05E-05,5.36E-05,3.44E-05,5.98E-05,3.39E-05,3.71E-05,6.37E-05,3.09E-05,9.71E-05,4.79E-05,2.21E-05
2030-0.0,2030,Guilty feelings,2.37E-05,3.70E-05,3.44E-05,3.53E-05,3.48E-05,1.03E-05,9.28E-05,1.63E-05,0.000142951,4.37E-05,4.71E-05,4.04E-05
20420-0.0,20420,Longest period spent worried or anxious,3.08E-05,4.95E-05,3.89E-05,3.95E-05,0.000125729,4.83E-05,3.16E-05,3.50E-05,3.19E-05,3.99E-05,4.71E-05,2.84E-05
23122-0.0,23122,Arm predicted mass (right),8.55E-05,5.18E-05,5.16E-05,3.83E-05,6.22E-05,7.27E-05,7.80E-06,6.00E-05,1.85E-05,1.10E-05,4.59E-05,2.65E-05
20197-2.0,20197,Number of word pairs correctly associated,3.18E-05,6.96E-05,2.62E-05,3.05E-05,0.000111066,2.66E-05,3.25E-05,2.88E-05,4.40E-05,3.61E-05,4.37E-05,2.69E-05
20428-0.0,20428,Professional informed about anxiety,0.000115066,2.82E-05,1.86E-05,3.21E-05,4.96E-05,3.38E-05,2.91E-05,1.39E-05,4.59E-05,6.12E-05,4.27E-05,2.91E-05
1031-0.0,1031,Frequency of friend/family visits,4.42E-05,4.96E-05,2.84E-05,3.66E-05,1.33E-05,4.36E-05,4.59E-05,9.63E-05,4.60E-05,2.23E-05,4.26E-05,2.23E-05
20512-0.0,20512,Recent feelings of foreboding,2.57E-05,2.54E-05,2.25E-05,1.45E-05,3.87E-05,6.14E-05,4.03E-05,3.30E-05,5.31E-05,0.000104568,4.19E-05,2.62E-05
1697-0.0,1697,Comparative height size at age 10,2.94E-05,1.59E-05,4.90E-05,3.71E-05,1.79E-05,4.51E-05,3.76E-05,1.80E-05,0.000130948,3.65E-05,4.18E-05,3.34E-05
1170-0.0,1170,Getting up in morning,6.20E-05,1.36E-05,7.57E-05,1.76E-05,4.33E-05,7.87E-05,3.10E-05,3.27E-05,4.22E-05,1.84E-05,4.15E-05,2.37E-05
20544-0.0-6,20544,Depression diagnosed by professional,2.15E-05,3.56E-05,4.72E-05,2.95E-05,8.12E-05,6.12E-05,2.68E-05,6.17E-05,3.17E-06,3.09E-05,3.99E-05,2.30E-05
4282-0.0,4282,Maximum digits remembered correctly,1.23E-05,2.34E-05,0.000124805,7.23E-06,0.00013173,2.65E-05,4.68E-06,2.25E-05,6.14E-06,3.88E-05,3.98E-05,4.78E-05
20530-0.0,20530,Witnessed sudden violent death,2.25E-05,3.71E-05,9.92E-05,3.52E-05,4.04E-05,6.66E-06,3.68E-05,4.02E-06,5.35E-05,4.61E-05,3.82E-05,2.68E-05
2178-0.0,2178,Overall health rating,6.86E-05,4.11E-05,3.37E-05,2.96E-05,2.46E-05,6.51E-05,8.76E-06,3.65E-05,3.25E-05,4.07E-05,3.81E-05,1.78E-05
1970-0.0,1970,Nervous feelings,1.21E-05,4.07E-05,6.77E-05,3.62E-06,8.03E-05,4.49E-06,6.98E-05,2.21E-05,5.30E-05,2.68E-05,3.81E-05,2.84E-05
20494-0.0,20494,Felt irritable or had angry outbursts in past month,5.21E-05,1.17E-05,4.56E-05,2.06E-05,9.18E-05,2.13E-05,2.36E-05,3.68E-05,3.19E-05,2.87E-05,3.64E-05,2.29E-05
2237-0.0,2237,Plays computer games,4.83E-05,1.85E-05,0.000154166,2.15E-05,2.54E-05,9.24E-06,3.46E-05,2.87E-05,4.23E-06,1.52E-05,3.60E-05,4.34E-05
6183-0.0,6183,Number of cigarettes previously smoked daily (current cigar/pipe smokers),0,4.09E-05,2.22E-05,1.72E-05,2.72E-05,5.85E-05,4.97E-05,5.31E-05,7.55E-05,1.53E-05,3.60E-05,2.34E-05
399-0.1,399,Number of incorrect matches in round,7.68E-05,3.55E-05,2.22E-05,2.00E-05,1.99E-05,1.81E-05,2.29E-05,3.79E-05,2.07E-05,7.28E-05,3.47E-05,2.22E-05
1960-0.0,1960,Fed-up feelings,9.67E-06,6.47E-05,0,1.01E-05,3.74E-05,8.39E-05,3.94E-06,5.59E-05,4.31E-05,3.62E-05,3.45E-05,2.83E-05
20491-0.0,20491,Someone to take to doctor when needed as a child,7.63E-06,1.77E-05,8.76E-05,3.42E-06,8.49E-05,5.58E-05,4.90E-06,4.35E-05,1.72E-05,1.02E-05,3.33E-05,3.27E-05
1110-0.0,1110,Length of mobile phone use,2.68E-05,3.72E-05,4.22E-05,5.91E-05,2.77E-05,9.13E-05,1.11E-05,2.42E-05,4.29E-06,7.14E-06,3.31E-05,2.65E-05
4526-0.0,4526,Happiness,8.70E-05,2.08E-05,2.08E-05,6.45E-06,4.76E-05,8.20E-05,2.14E-05,3.27E-05,0,1.09E-05,3.30E-05,3.03E-05
20541-0.0,20541,Difficulty stopping worrying during worst period of anxiety,1.29E-05,4.31E-05,4.35E-05,3.74E-06,2.89E-05,6.21E-05,2.56E-05,2.06E-05,5.77E-05,3.14E-05,3.29E-05,1.87E-05
20548-0.0-2,20548,Manifestations of mania or irritability,0.000150537,7.22E-06,7.89E-05,0,1.35E-05,8.71E-06,2.56E-05,1.17E-05,1.61E-05,1.21E-05,3.24E-05,4.70E-05
20432-0.0,20432,Ongoing behavioural or miscellanous addiction,0.000126406,3.38E-05,0,0,7.86E-05,3.53E-05,3.37E-05,8.69E-06,0,0,3.17E-05,4.18E-05
1687-0.0,1687,Comparative body size at age 10,2.52E-05,2.63E-05,4.94E-05,1.36E-05,2.32E-05,4.01E-05,4.08E-05,4.01E-05,3.02E-05,2.55E-05,3.14E-05,1.08E-05
6333-2.0,6333,Duration spent answering each puzzle,8.80E-06,2.12E-05,2.25E-05,4.37E-05,5.58E-05,4.62E-05,3.27E-05,3.98E-05,2.57E-05,1.69E-05,3.13E-05,1.48E-05
6772-2.0,6772,Interval between previous point and current one in numeric path (trail #1),5.99E-05,1.50E-05,1.39E-05,1.94E-05,4.05E-05,2.67E-05,2.83E-05,5.99E-05,3.02E-05,1.59E-05,3.10E-05,1.73E-05
20511-0.0,20511,Recent poor appetite or overeating,8.65E-05,1.12E-05,3.03E-05,0,5.56E-05,1.11E-05,1.49E-05,1.82E-05,5.61E-05,2.38E-05,3.08E-05,2.70E-05
20544-0.0-15,20544,Depression diagnosed by professional,7.59E-06,4.43E-05,1.38E-05,8.09E-05,1.38E-05,1.00E-05,3.04E-05,6.70E-05,2.53E-05,1.31E-05,3.06E-05,2.56E-05
20508-0.0,20508,Recent trouble concentrating on things,8.39E-05,1.11E-05,3.43E-05,1.09E-05,0.000100322,1.05E-05,2.02E-05,1.36E-05,0,1.23E-05,2.97E-05,3.42E-05
20542-0.0,20542,Stronger worrying (than other people) during period of worst anxiety,7.68E-05,1.67E-05,1.20E-05,5.93E-05,2.49E-05,7.05E-05,7.37E-06,3.75E-06,4.08E-06,1.79E-05,2.93E-05,2.83E-05
20427-0.0,20427,Frequent trouble falling or staying asleep during worst period of anxiety,5.14E-05,2.50E-05,1.77E-05,8.15E-06,2.15E-05,3.95E-05,5.89E-05,3.46E-06,2.23E-05,4.50E-05,2.93E-05,1.85E-05
864-0.0,864,Number of days/week walked 10+ minutes,4.73E-05,6.58E-06,7.49E-05,1.04E-05,3.72E-05,3.41E-05,2.57E-05,8.68E-06,1.08E-05,3.54E-05,2.91E-05,2.16E-05
2926-0.0,2926,Number of unsuccessful stop-smoking attempts,7.01E-05,3.97E-05,3.18E-05,2.69E-05,1.50E-05,4.01E-05,3.90E-06,2.67E-05,1.99E-05,1.22E-05,2.86E-05,1.87E-05
4642-0.0,4642,Ever manic/hyper for 2 days,0.000123442,1.88E-05,2.81E-05,0,1.54E-05,4.41E-05,1.61E-05,4.31E-06,5.64E-06,2.06E-05,2.77E-05,3.60E-05
20435-0.0,20435,Difficulty concentrating during worst depression,5.13E-06,1.48E-05,1.35E-05,3.92E-05,1.84E-05,3.47E-05,1.37E-05,6.61E-05,2.79E-05,3.96E-05,2.73E-05,1.81E-05
20471-0.0,20471,Ever seen an un-real vision,7.67E-05,7.25E-06,1.47E-05,4.47E-05,4.42E-05,2.90E-05,2.85E-05,1.05E-05,1.15E-05,0,2.67E-05,2.32E-05
20529-0.0,20529,Victim of physically violent crime,5.37E-05,3.29E-05,8.52E-06,9.82E-06,7.28E-06,6.97E-05,1.40E-05,2.65E-05,4.08E-06,4.04E-05,2.67E-05,2.23E-05
4570-0.0,4570,Friendships satisfaction,7.72E-05,1.77E-05,2.29E-05,3.50E-06,5.26E-05,2.51E-05,1.40E-05,2.32E-05,2.30E-05,7.27E-06,2.66E-05,2.22E-05
20544-0.0-10,20544,Depression diagnosed by professional,4.35E-05,2.28E-05,4.25E-05,3.51E-06,7.38E-06,1.55E-05,1.60E-05,1.55E-05,7.45E-05,2.33E-05,2.65E-05,2.14E-05
20426-0.0,20426,Restless during period of worst anxiety,2.33E-05,2.39E-05,2.15E-05,7.06E-06,5.02E-05,4.03E-05,3.93E-05,1.22E-05,2.47E-05,2.09E-05,2.63E-05,1.32E-05
4537-0.0,4537,Work/job satisfaction,9.90E-05,2.42E-05,4.05E-05,7.16E-06,7.17E-06,2.38E-05,8.39E-06,2.94E-05,3.82E-06,1.95E-05,2.63E-05,2.81E-05
3731-0.0,3731,Former alcohol drinker,1.52E-05,3.61E-05,3.48E-05,5.15E-05,3.20E-05,2.49E-05,6.79E-06,3.47E-05,7.08E-06,1.02E-05,2.53E-05,1.50E-05
5485-0.0,5485,Leg pain when walking normally,9.52E-06,1.18E-05,1.59E-05,1.66E-05,2.65E-05,4.08E-06,5.16E-05,4.55E-05,3.63E-05,3.51E-05,2.53E-05,1.62E-05
20547-0.0-1,20547,Activities undertaken to treat depression,5.26E-06,3.03E-05,2.03E-05,1.58E-05,7.24E-05,9.29E-06,4.99E-05,4.28E-06,2.47E-05,6.50E-06,2.39E-05,2.21E-05
20548-0.0-7,20548,Manifestations of mania or irritability,0,0,0.000123925,2.28E-05,4.86E-05,6.79E-06,5.87E-06,2.19E-05,0,7.68E-06,2.38E-05,3.83E-05
20474-0.0,20474,Ever believed in un-real communications or signs,2.42E-05,2.07E-05,3.82E-05,1.27E-05,4.10E-05,3.28E-05,4.40E-05,0,7.71E-06,1.01E-05,2.31E-05,1.54E-05
20473-0.0,20473,Number of times seen an un-real vision,0,2.68E-05,5.07E-05,3.28E-05,2.35E-05,0,6.05E-05,1.55E-05,1.99E-05,0,2.30E-05,2.09E-05
20425-0.0,20425,Ever worried more than most people would in similar situation,0,5.08E-05,1.17E-05,4.01E-06,5.02E-05,2.22E-05,2.59E-05,1.75E-05,3.31E-05,1.40E-05,2.29E-05,1.75E-05
1757-0.0,1757,Facial ageing,4.23E-05,1.78E-05,1.17E-05,3.13E-05,2.86E-05,1.40E-05,2.56E-05,8.02E-06,3.63E-05,1.13E-05,2.27E-05,1.18E-05
3496-0.0,3496,Wants to stop smoking,0,3.81E-05,1.08E-05,1.66E-05,8.87E-05,3.42E-06,3.17E-05,0,2.21E-05,1.27E-05,2.24E-05,2.66E-05
20498-0.0,20498,Felt very upset when reminded of stressful experience in past month,8.60E-06,1.31E-05,5.65E-05,1.79E-05,4.70E-05,0,9.69E-06,5.44E-06,3.91E-05,2.20E-05,2.19E-05,1.91E-05
95-0.0,95,Pulse rate (during blood-pressure measurement),4.63E-05,1.85E-05,2.57E-05,1.56E-05,7.35E-06,3.63E-05,2.99E-05,1.16E-05,2.28E-05,4.48E-06,2.19E-05,1.31E-05
1777-0.0,1777,Part of a multiple birth,3.59E-05,2.75E-05,2.92E-05,3.81E-05,2.29E-05,1.54E-05,8.13E-06,9.03E-06,1.79E-05,1.25E-05,2.17E-05,1.08E-05
1349-0.0,1349,Processed meat intake,2.53E-05,8.98E-06,1.45E-05,1.68E-05,2.07E-05,1.69E-05,4.26E-05,2.55E-05,3.24E-05,1.15E-05,2.15E-05,1.02E-05
6349-2.0,6349,Total errors traversing numeric path (trail #1),1.30E-05,0,3.23E-05,1.45E-05,1.11E-05,3.12E-05,5.47E-05,2.28E-05,1.82E-05,1.58E-05,2.13E-05,1.51E-05
20517-0.0,20517,"Trouble falling or staying asleep, or sleeping too much",4.53E-05,2.83E-05,2.30E-05,2.81E-05,9.03E-06,2.98E-05,3.51E-06,2.62E-05,1.18E-05,3.25E-06,2.08E-05,1.35E-05
20543-0.0,20543,Number of things worried about during worst period of anxiety,1.20E-05,0,3.39E-05,3.28E-06,6.71E-05,2.17E-05,1.53E-05,3.88E-05,3.32E-06,1.13E-05,2.07E-05,2.08E-05
6374-2.0,6374,Number of puzzles viewed,0,6.07E-06,1.92E-05,4.87E-05,1.41E-05,3.27E-05,2.88E-05,7.04E-06,2.15E-05,2.74E-05,2.06E-05,1.46E-05
20429-0.0,20429,Easily tired during worst period of anxiety,7.89E-06,1.55E-05,4.12E-05,1.11E-05,2.85E-05,3.52E-06,0,7.75E-05,5.11E-06,1.40E-05,2.04E-05,2.36E-05
5674-0.0,5674,Severity of manic/irritable episodes,2.02E-05,6.10E-06,7.63E-06,3.21E-06,1.06E-05,8.83E-05,2.73E-05,1.42E-05,0,2.30E-05,2.00E-05,2.55E-05
20445-0.0,20445,Depression possibly related to childbirth,0,3.27E-06,5.61E-05,7.16E-06,4.38E-06,3.52E-05,1.74E-05,0,5.35E-05,1.87E-05,1.96E-05,2.15E-05
1210-0.0,1210,Snoring,1.45E-05,6.47E-06,2.55E-05,2.27E-05,7.19E-05,6.49E-06,3.40E-06,2.09E-05,1.66E-05,4.00E-06,1.92E-05,2.02E-05
20117-0.0,20117,Alcohol drinker status,5.71E-06,2.19E-05,7.30E-06,5.35E-05,1.41E-05,1.25E-05,5.80E-06,5.04E-05,0,2.03E-05,1.92E-05,1.86E-05
20423-0.0,20423,Keyed up or on edge during worst period of anxiety,8.24E-06,0,0,6.77E-06,0.000106366,1.12E-05,1.10E-05,3.23E-05,4.16E-06,1.02E-05,1.90E-05,3.20E-05
20447-0.0,20447,Depression possibly related to stressful or traumatic event,1.85E-05,3.12E-05,2.70E-05,8.35E-06,0,3.44E-06,4.47E-05,3.21E-05,2.46E-05,0,1.90E-05,1.55E-05
1478-0.0,1478,Salt added to food,4.41E-05,2.64E-05,2.50E-05,2.91E-05,1.22E-05,1.35E-05,2.24E-05,3.35E-06,1.16E-05,0,1.88E-05,1.32E-05
20516-0.0,20516,Recent restlessness,0,0,4.46E-05,4.70E-05,5.20E-05,2.56E-05,1.09E-05,3.93E-06,0,3.00E-06,1.87E-05,2.16E-05
1220-0.0,1220,Daytime dozing / sleeping (narcolepsy),3.65E-05,8.80E-06,1.92E-05,3.10E-05,4.57E-06,8.92E-06,2.70E-05,1.43E-05,0,2.31E-05,1.73E-05,1.20E-05
3571-0.0,3571,Back pain for 3+ months,0,3.43E-06,1.63E-05,6.22E-05,6.71E-06,0,3.57E-06,2.72E-05,2.32E-05,2.85E-05,1.71E-05,1.93E-05
3773-0.0,3773,Knee pain for 3+ months,3.98E-06,0,0,2.12E-05,5.96E-05,3.85E-05,3.53E-06,1.40E-05,2.36E-05,4.51E-06,1.69E-05,1.95E-05
1677-0.0,1677,Breastfed as a baby,8.11E-06,2.11E-05,2.46E-05,1.63E-05,0,3.63E-05,2.48E-05,2.29E-05,3.22E-06,1.08E-05,1.68E-05,1.12E-05
2000-0.0,2000,Worry too long after embarrassment,1.62E-05,1.78E-05,2.96E-05,4.34E-05,1.81E-05,3.29E-06,7.61E-06,1.76E-05,0,5.18E-06,1.59E-05,1.31E-05
4548-0.0,4548,Health satisfaction,4.73E-05,1.69E-05,2.58E-05,1.29E-05,9.93E-06,1.92E-05,4.36E-06,0,7.56E-06,1.46E-05,1.58E-05,1.33E-05
20422-0.0,20422,More irritable than usual during worst period of anxiety,0,7.56E-06,2.07E-05,8.38E-06,1.16E-05,4.63E-05,1.19E-05,3.24E-05,7.08E-06,1.01E-05,1.56E-05,1.39E-05
1747-0.0,1747,"Hair colour (natural, before greying)",2.20E-05,6.84E-06,7.72E-06,1.10E-05,1.39E-05,3.53E-06,3.50E-06,2.57E-05,2.90E-05,2.39E-05,1.47E-05,9.65E-06
5663-0.0,5663,Length of longest manic/irritable episode,1.84E-05,1.24E-05,4.08E-05,3.11E-05,4.88E-06,0,6.86E-06,0,1.74E-05,1.49E-05,1.47E-05,1.32E-05
1190-0.0,1190,Nap during day,6.53E-06,0,1.66E-05,0,1.62E-05,1.35E-05,8.91E-06,7.54E-06,3.90E-05,3.46E-05,1.43E-05,1.32E-05
31-0.0,31,Sex,1.31E-05,9.35E-06,8.28E-06,4.10E-05,8.06E-06,1.77E-05,9.30E-06,0,2.11E-05,6.25E-06,1.34E-05,1.13E-05
2936-0.0,2936,Likelihood of resuming smoking,6.67E-06,2.55E-05,7.40E-06,1.41E-05,1.02E-05,1.37E-05,6.44E-06,1.72E-05,1.29E-05,1.52E-05,1.29E-05,5.81E-06
2010-0.0,2010,Suffer from 'nerves',5.90E-05,0,6.19E-06,3.25E-06,1.25E-05,1.02E-05,2.46E-05,3.32E-06,0,7.50E-06,1.27E-05,1.78E-05
1548-0.0,1548,Variation in diet,2.70E-05,6.35E-06,7.17E-06,1.59E-05,1.62E-05,8.77E-06,1.16E-05,1.14E-05,3.56E-06,1.84E-05,1.26E-05,6.93E-06
1538-0.0,1538,Major dietary changes in the last 5 years,1.36E-05,1.14E-05,2.87E-05,4.85E-06,2.88E-05,0,3.58E-06,1.85E-05,1.01E-05,4.76E-06,1.24E-05,1.01E-05
20552-0.0-2,20552,Behavioural and miscellaneous addictions,0,2.31E-05,1.16E-05,0,0,1.27E-05,2.25E-05,1.84E-05,2.81E-05,0,1.16E-05,1.11E-05
20401-0.0,20401,Ever addicted to any substance or behaviour,7.11E-06,2.34E-05,1.29E-05,1.11E-05,7.27E-06,9.03E-06,1.88E-05,4.03E-06,1.49E-05,4.28E-06,1.13E-05,6.31E-06
5507-0.0,5507,Leg pain on walking : action taken,8.35E-06,1.16E-05,0,1.36E-05,1.36E-05,5.64E-06,1.07E-05,1.87E-05,1.33E-05,1.68E-05,1.12E-05,5.46E-06
20018-0.0,20018,Prospective memory result,8.04E-06,1.09E-05,3.43E-06,2.17E-05,1.92E-05,3.82E-06,1.78E-05,1.12E-05,7.57E-06,6.70E-06,1.10E-05,6.47E-06
1980-0.0,1980,Worrier / anxious feelings,3.04E-05,7.99E-06,7.28E-06,1.74E-05,1.10E-05,0,1.08E-05,1.21E-05,8.03E-06,4.30E-06,1.09E-05,8.28E-06
20407-0.0,20407,Frequency of failure to fulfil normal expectations due to drinking alcohol in last year,1.35E-05,0,1.28E-05,1.47E-05,4.42E-06,6.67E-06,1.15E-05,2.16E-05,1.33E-05,7.14E-06,1.06E-05,6.11E-06
20548-0.0-5,20548,Manifestations of mania or irritability,0,8.74E-06,9.60E-06,7.84E-06,3.74E-06,1.23E-05,1.76E-05,2.67E-05,1.56E-05,0,1.02E-05,8.30E-06
20548-0.0-1,20548,Manifestations of mania or irritability,0,0,0,0,4.46E-06,4.71E-05,8.66E-06,3.99E-06,1.78E-05,1.85E-05,1.00E-05,1.48E-05
4501-0.0,4501,Non-accidental death in close genetic family,0,1.35E-05,3.95E-06,0,2.06E-05,1.90E-05,7.55E-06,1.61E-05,1.73E-05,0,9.79E-06,8.41E-06
6373-2.0,6373,Number of puzzles correctly solved,8.29E-06,1.21E-05,4.84E-06,7.45E-06,4.19E-05,7.44E-06,7.60E-06,4.29E-06,3.59E-06,0,9.76E-06,1.18E-05
3799-0.0,3799,Headaches for 3+ months,1.55E-05,8.08E-06,8.26E-06,1.07E-05,1.17E-05,2.43E-05,1.31E-05,0,0,5.62E-06,9.73E-06,7.26E-06
403-0.0,403,Number of times snap-button pressed,4.08E-06,7.73E-06,1.21E-05,4.51E-06,8.44E-06,1.35E-05,3.75E-06,2.81E-05,7.97E-06,0,9.02E-06,7.81E-06
1990-0.0,1990,Tense / 'highly strung',2.09E-05,7.39E-06,0,1.54E-05,7.57E-06,0,6.89E-06,3.66E-06,1.94E-05,0,8.13E-06,7.92E-06
4653-0.0,4653,Ever highly irritable/argumentative for 2 days,3.22E-05,1.17E-05,0,0,0,1.68E-05,8.28E-06,4.06E-06,8.21E-06,0,8.13E-06,1.03E-05
20495-0.0,20495,Avoided activities or situations because of previous stressful experience in past month,0,0,5.20E-06,2.61E-05,2.99E-05,1.53E-05,3.15E-06,0,0,0,7.96E-06,1.16E-05
20551-0.0-3,20551,Substance of prescription or over-the-counter medication addiction,0,6.51E-06,0,3.31E-06,2.14E-05,3.20E-05,0,1.04E-05,0,3.55E-06,7.73E-06,1.09E-05
4728-0.0,4728,Leg pain on walking,9.51E-06,0,2.33E-05,1.24E-05,1.06E-05,9.40E-06,0,0,5.14E-06,3.69E-06,7.40E-06,7.29E-06
20502-0.0,20502,Ever had period extreme irritability,0,0,0,5.13E-05,0,1.60E-05,4.61E-06,0,0,0,7.19E-06,1.63E-05
20538-0.0,20538,Worried most days during period of worst anxiety,8.44E-06,3.55E-06,1.42E-05,1.89E-05,0,4.83E-06,3.50E-06,4.94E-06,0,1.08E-05,6.92E-06,6.16E-06
2463-0.0,2463,Fractured/broken bones in last 5 years,0,0,0,3.08E-06,0,1.08E-05,3.98E-06,3.40E-05,0,1.35E-05,6.53E-06,1.08E-05
6771-2.0,6771,Errors before selecting correct item in alphanumeric path (trail #2),1.21E-05,0,6.44E-06,1.21E-05,1.53E-05,0,0,5.46E-06,1.04E-05,3.11E-06,6.49E-06,5.72E-06
20446-0.0,20446,Ever had prolonged feelings of sadness or depression,0,9.04E-06,0,0,2.12E-05,0,3.76E-06,2.07E-05,3.83E-06,0,5.85E-06,8.46E-06
5463-0.0,5463,Leg pain in calf/calves,2.96E-06,3.44E-06,6.42E-06,8.35E-06,7.36E-06,4.31E-06,7.87E-06,3.10E-06,1.08E-05,0,5.46E-06,3.23E-06
5452-0.0,5452,Leg pain when standing still or sitting,1.26E-05,0,0,1.06E-05,3.53E-06,1.18E-05,3.66E-06,0,7.05E-06,4.52E-06,5.38E-06,4.92E-06
5474-0.0,5474,Leg pain when walking uphill or hurrying,0,7.09E-06,0,0,3.97E-06,0,3.45E-06,1.17E-05,2.55E-05,0,5.17E-06,8.15E-06
20421-0.0,20421,"Ever felt worried, tense, or anxious for most of a month or longer",2.93E-06,3.19E-06,3.79E-06,3.56E-06,0,7.64E-06,6.56E-06,2.11E-05,0,0,4.88E-06,6.28E-06
2070-0.0,2070,Frequency of tenseness / restlessness in last 2 weeks,1.27E-05,3.58E-06,0,4.31E-06,6.20E-06,0,6.87E-06,7.50E-06,7.45E-06,0,4.86E-06,4.14E-06
20549-0.0-4,20549,Substances taken for anxiety,1.43E-05,0,2.11E-05,0,4.80E-06,0,0,0,5.42E-06,0,4.57E-06,7.42E-06
20544-0.0-13,20544,Depression diagnosed by professional,3.89E-06,0,0,1.68E-05,0,7.56E-06,0,7.29E-06,3.07E-06,3.67E-06,4.23E-06,5.30E-06
20549-0.0-3,20549,Substances taken for anxiety,0,0,1.62E-05,0,0,0,0,0,1.41E-05,6.93E-06,3.72E-06,6.42E-06
20412-0.0,20412,Frequency of needing morning drink of alcohol after heavy drinking session in last year,0,0,1.71E-05,1.60E-05,0,0,0,0,4.01E-06,0,3.71E-06,6.88E-06
20533-0.0,20533,Trouble falling asleep,7.50E-06,6.71E-06,0,8.37E-06,1.27E-05,0,0,0,0,0,3.53E-06,4.81E-06
20528-0.0,20528,Diagnosed with life-threatening illness,1.54E-05,3.72E-06,0,0,0,0,0,0,0,4.24E-06,2.34E-06,4.89E-06
20550-0.0-1,20550,Activities undertaken to treat anxiety,0,0,8.34E-06,1.03E-05,4.03E-06,0,0,0,0,0,2.27E-06,3.96E-06
20547-0.0-3,20547,Activities undertaken to treat depression,0,0,3.89E-06,4.81E-06,3.22E-06,0,0,3.52E-06,6.96E-06,0,2.24E-06,2.57E-06
2453-0.0,2453,Cancer diagnosed by doctor,0,4.21E-06,0,0,0,3.27E-06,0,0,7.67E-06,7.12E-06,2.23E-06,3.13E-06
2296-0.0,2296,Falls in the last year,0,3.41E-06,3.91E-06,7.09E-06,0,0,0,0,6.91E-06,0,2.13E-06,2.97E-06
2443-0.0,2443,Diabetes diagnosed by doctor,0,0,0,0,6.74E-06,0,0,6.62E-06,4.05E-06,3.57E-06,2.10E-06,2.87E-06
20550-0.0-3,20550,Activities undertaken to treat anxiety,0,0,0,0,0,7.67E-06,1.30E-05,0,0,0,2.07E-06,4.53E-06
20549-0.0-1,20549,Substances taken for anxiety,0,0,0,3.65E-06,0,0,3.98E-06,0,0,0,7.63E-07,1.61E-06
3404-0.0,3404,Neck/shoulder pain for 3+ months,3.62E-06,0,0,0,0,0,3.33E-06,0,0,0,6.95E-07,1.47E-06
5529-0.0,5529,Surgery on leg arteries (other than for varicose veins),0,0,0,0,0,0,0,0,3.87E-06,0,3.87E-07,1.22E-06
20518-0.0,20518,Recent changes in speed/amount of moving or speaking,0,0,0,0,0,0,0,0,3.76E-06,0,3.76E-07,1.19E-06
20548-0.0-6,20548,Manifestations of mania or irritability,0,3.40E-06,0,0,0,0,0,0,0,0,3.40E-07,1.07E-06
398-0.1,398,Number of correct matches in round,0,0,0,0,0,0,2.99E-06,0,0,0,2.99E-07,9.46E-07
20546-0.0-1,20546,Drugs or alcohol  taken for depression,0,2.98E-06,0,0,0,0,0,0,0,0,2.98E-07,9.41E-07
20551-0.0-2,20551,Substance of prescription or over-the-counter medication addiction,0,0,0,0,0,0,0,0,0,0,0,0
20551-0.0-4,20551,Substance of prescription or over-the-counter medication addiction,0,0,0,0,0,0,0,0,0,0,0,0
20544-0.0-12,20544,Depression diagnosed by professional,0,0,0,0,0,0,0,0,0,0,0,0
6770-2.0,6770,Errors before selecting correct item in numeric path (trail #1),0,0,0,0,0,0,0,0,0,0,0,0
20544-0.0-2,20544,Depression diagnosed by professional,0,0,0,0,0,0,0,0,0,0,0,0
20544-0.0-18,20544,Depression diagnosed by professional,0,0,0,0,0,0,0,0,0,0,0,0
5540-0.0,5540,Surgery/amputation of toe or leg,0,0,0,0,0,0,0,0,0,0,0,0
20544-0.0-16,20544,Depression diagnosed by professional,0,0,0,0,0,0,0,0,0,0,0,0
20544-0.0-14,20544,Depression diagnosed by professional,0,0,0,0,0,0,0,0,0,0,0,0
20544-0.0-7,20544,Depression diagnosed by professional,0,0,0,0,0,0,0,0,0,0,0,0
20544-0.0-1,20544,Depression diagnosed by professional,0,0,0,0,0,0,0,0,0,0,0,0
20544-0.0-5,20544,Depression diagnosed by professional,0,0,0,0,0,0,0,0,0,0,0,0
20544-0.0-17,20544,Depression diagnosed by professional,0,0,0,0,0,0,0,0,0,0,0,0
20122-0.0,20122,Bipolar disorder status,0,0,0,0,0,0,0,0,0,0,0,0
20552-0.0-1,20552,Behavioural and miscellaneous addictions,0,0,0,0,0,0,0,0,0,0,0,0